id,first_name,last_name,email,gender,ip_address
1,Ashley,Hernandez,ahernandez0@mtv.com,Female,233.61.233.252
2,Randy,Hicks,rhicks1@cmu.edu,Male,20.19.247.73
3,Doris,Kim,dkim2@virginia.edu,Female,244.209.117.8
4,Jason,Ray,jray3@ycombinator.com,Male,83.182.3.144
5,Douglas,Riley,driley4@mlb.com,Male,48.18.143.190
6,Billy,Rogers,brogers5@hc360.com,Male,253.149.205.94
7,Julia,Schmidt,jschmidt6@furl.net,Female,111.245.141.59
8,Emily,Wood,ewood7@ocn.ne.jp,Female,184.170.169.200
9,Anna,Peters,apeters8@twitter.com,Female,213.19.79.188
10,Arthur,Ford,aford9@hud.gov,Male,165.46.3.170
11,Craig,Johnson,cjohnsona@digg.com,Male,211.204.180.9
12,Frank,Fisher,ffisherb@wordpress.org,Male,31.220.127.65
13,Jerry,Hart,jhartc@ask.com,Male,247.77.29.177
14,Sandra,Wells,swellsd@google.com.hk,Female,172.79.44.83
15,Martha,Richardson,mrichardsone@blogs.com,Female,29.110.95.86
16,Brenda,Phillips,bphillipsf@home.pl,Female,222.227.219.9
17,Frances,Boyd,fboydg@yellowpages.com,Female,84.136.72.71
18,Martin,Gibson,mgibsonh@pinterest.com,Male,191.43.157.113
19,Earl,Martinez,emartinezi@jimdo.com,Male,168.62.182.65
20,Johnny,Snyder,jsnyderj@uiuc.edu,Male,29.49.210.178
21,Norma,Myers,nmyersk@oracle.com,Female,74.139.62.46
22,Judy,Harrison,jharrisonl@ted.com,Female,63.173.152.236
23,Larry,Wallace,lwallacem@unblog.fr,Male,80.44.25.32
24,Kevin,Stevens,kstevensn@loc.gov,Male,175.52.70.242
25,Anthony,Porter,aportero@sina.com.cn,Male,183.196.73.6
26,Fred,Boyd,fboydp@wisc.edu,Male,78.131.16.143
27,Karen,Spencer,kspencerq@columbia.edu,Female,157.188.51.102
28,Lillian,Sims,lsimsr@over-blog.com,Female,203.136.76.149
29,Jeffrey,Murphy,jmurphys@csmonitor.com,Male,206.170.136.108
30,Teresa,Johnson,tjohnsont@ftc.gov,Female,236.141.15.97
31,Lillian,Alexander,lalexanderu@is.gd,Female,30.184.69.117
32,Marie,Nguyen,mnguyenv@infoseek.co.jp,Female,242.171.43.128
33,Diana,Sullivan,dsullivanw@edublogs.org,Female,210.242.170.65
34,Eugene,Daniels,edanielsx@harvard.edu,Male,240.47.182.35
35,Brenda,Gutierrez,bgutierrezy@de.vu,Female,156.29.222.187
36,Eugene,Burns,eburnsz@cargocollective.com,Male,4.241.157.232
37,Michael,Russell,mrussell10@sourceforge.net,Male,36.102.35.113
38,Adam,Hayes,ahayes11@sun.com,Male,201.21.213.84
39,Pamela,Carroll,pcarroll12@dyndns.org,Female,209.44.200.171
40,Evelyn,Castillo,ecastillo13@over-blog.com,Female,244.154.251.17
41,Jerry,Mcdonald,jmcdonald14@auda.org.au,Male,184.236.148.124
42,Emily,Spencer,espencer15@ycombinator.com,Female,254.58.203.34
43,Robert,Butler,rbutler16@google.fr,Male,69.226.86.16
44,Anne,Bell,abell17@technorati.com,Female,115.185.205.50
45,Jane,Gutierrez,jgutierrez18@opensource.org,Female,235.91.215.251
46,Chris,Allen,callen19@sciencedirect.com,Male,34.255.6.125
47,Judy,Ferguson,jferguson1a@netscape.com,Female,59.136.61.240
48,Robert,Crawford,rcrawford1b@prlog.org,Male,102.217.104.232
49,Fred,Hughes,fhughes1c@printfriendly.com,Male,163.220.24.16
50,Ruth,Mitchell,rmitchell1d@mail.ru,Female,165.8.126.90
51,Diana,Ramirez,dramirez1e@ucoz.ru,Female,86.80.135.251
52,Anna,Andrews,aandrews1f@google.co.uk,Female,251.24.136.133
53,Ronald,Russell,rrussell1g@google.fr,Male,132.173.248.16
54,Lawrence,Thompson,lthompson1h@joomla.org,Male,18.133.191.185
55,Patrick,Myers,pmyers1i@digg.com,Male,140.183.222.87
56,Sean,Dunn,sdunn1j@rediff.com,Male,182.95.224.210
57,Lawrence,Henry,lhenry1k@imgur.com,Male,91.226.18.166
58,Janet,Patterson,jpatterson1l@gravatar.com,Female,68.6.244.172
59,Janice,Wood,jwood1m@wikia.com,Female,118.216.3.148
60,Andrew,Arnold,aarnold1n@hp.com,Male,137.184.119.54
61,Lori,Andrews,landrews1o@123-reg.co.uk,Female,196.233.218.116
62,Julia,Hamilton,jhamilton1p@nsw.gov.au,Female,132.143.121.3
63,Alice,Daniels,adaniels1q@reference.com,Female,190.6.132.241
64,Ryan,Bennett,rbennett1r@springer.com,Male,91.117.15.122
65,Gary,King,gking1s@surveymonkey.com,Male,136.169.42.21
66,Debra,Welch,dwelch1t@amazonaws.com,Female,211.224.58.7
67,Timothy,Little,tlittle1u@cnet.com,Male,169.225.238.200
68,Shawn,Medina,smedina1v@tripadvisor.com,Male,95.205.236.130
69,Diane,Martin,dmartin1w@techcrunch.com,Female,254.4.74.19
70,Gloria,Butler,gbutler1x@shop-pro.jp,Female,124.240.93.20
71,Stephen,Martin,smartin1y@networksolutions.com,Male,88.45.35.147
72,Kathryn,Parker,kparker1z@sciencedaily.com,Female,235.76.193.109
73,Sandra,Gonzalez,sgonzalez20@eepurl.com,Female,241.120.187.165
74,Patrick,Jackson,pjackson21@issuu.com,Male,131.209.4.215
75,Lawrence,Thompson,lthompson22@constantcontact.com,Male,141.87.173.97
76,Stephen,Hicks,shicks23@seattletimes.com,Male,6.194.153.227
77,Wanda,Ward,wward24@wsj.com,Female,119.64.8.136
78,Paula,Gibson,pgibson25@reverbnation.com,Female,72.203.128.8
79,Daniel,Reynolds,dreynolds26@surveymonkey.com,Male,102.112.32.215
80,Diana,Payne,dpayne27@utexas.edu,Female,72.220.210.195
81,Jason,Simmons,jsimmons28@networkadvertising.org,Male,2.123.150.240
82,Frank,Duncan,fduncan29@ftc.gov,Male,179.16.21.40
83,Stephanie,Murray,smurray2a@usda.gov,Female,84.69.78.178
84,Brandon,Johnson,bjohnson2b@guardian.co.uk,Male,140.30.72.251
85,Joshua,Jordan,jjordan2c@google.ru,Male,55.59.214.242
86,Jeremy,Knight,jknight2d@usnews.com,Male,201.152.100.152
87,Nicholas,Kelley,nkelley2e@ibm.com,Male,183.18.201.36
88,Todd,Price,tprice2f@123-reg.co.uk,Male,30.208.70.209
89,Roger,Simpson,rsimpson2g@gravatar.com,Male,228.2.83.180
90,Joan,Ortiz,jortiz2h@ox.ac.uk,Female,119.180.215.101
91,Gloria,Young,gyoung2i@naver.com,Female,193.148.59.49
92,Jack,Hayes,jhayes2j@moonfruit.com,Male,62.98.133.220
93,Mark,Rivera,mrivera2k@kickstarter.com,Male,143.219.201.149
94,Linda,Ortiz,lortiz2l@jimdo.com,Female,34.165.103.250
95,Kathy,Stanley,kstanley2m@1und1.de,Female,14.41.71.108
96,Jesse,Stewart,jstewart2n@t-online.de,Male,248.127.28.218
97,Karen,Wells,kwells2o@webs.com,Female,143.22.242.224
98,Karen,Lopez,klopez2p@ycombinator.com,Female,228.208.20.96
99,Margaret,Schmidt,mschmidt2q@last.fm,Female,225.173.175.39
100,Sharon,Carter,scarter2r@newyorker.com,Female,190.173.239.166
